{
  "name": "founderconnect-production",
  "version": "1.0.0",
  "description": "FounderConnect - Professional networking platform for entrepreneurs",
  "main": "server.js",
  "scripts": {
    "dev": "next dev",
    "build": "next build",
    "start": "next start",
    "start:production": "NODE_ENV=production node server.js",
    "start:server": "node server.js",
    "lint": "next lint",
    "deploy": "./deploy-to-hostinger.sh",
    "verify": "node verify-deployment.js"
  },
  "keywords": [
    "founders",
    "networking",
    "entrepreneurs",
    "startup",
    "business",
    "connect"
  ],
  "author": "FounderConnect Team",
  "license": "MIT",
  "engines": {
    "node": ">=18.0.0",
    "npm": ">=8.0.0"
  },
  "dependencies": {
    "@headlessui/react": "^1.7.17",
    "@heroicons/react": "^2.0.18",
    "@prisma/client": "^5.22.0",
    "@tailwindcss/forms": "^0.5.6",
    "@tanstack/react-query": "^4.35.3",
    "@types/pg": "^8.15.4",
    "axios": "^1.5.0",
    "bcryptjs": "^3.0.2",
    "clsx": "^2.0.0",
    "framer-motion": "^10.18.0",
    "js-cookie": "^3.0.5",
    "jsonwebtoken": "^9.0.2",
    "lucide-react": "^0.279.0",
    "next": "^15.4.2",
    "pg": "^8.16.3",
    "prisma": "^5.22.0",
    "react": "18.2.0",
    "react-dom": "18.2.0",
    "tailwind-merge": "^1.14.0"
  },
  "devDependencies": {
    "@types/bcryptjs": "^2.4.6",
    "@types/js-cookie": "^3.0.6",
    "@types/jsonwebtoken": "^9.0.5",
    "@types/node": "20.8.6",
    "@types/react": "18.2.28",
    "@types/react-dom": "18.2.13",
    "autoprefixer": "10.4.16",
    "eslint": "8.51.0",
    "eslint-config-next": "13.5.4",
    "postcss": "8.4.31",
    "tailwindcss": "3.3.3",
    "typescript": "5.2.2"
  },
  "repository": {
    "type": "git",
    "url": "https://github.com/oferdebug/connectfounder.git"
  },
  "bugs": {
    "url": "https://github.com/oferdebug/connectfounder/issues"
  },
  "homepage": "https://github.com/oferdebug/connectfounder#readme"
}
